﻿<?xml version="1.0" encoding="utf-8"?>
<BridgePackage>
  <App Name="db_healthcare" Version="1.0" GUID="AP5578A790A04E479F84C18A2392DE2A9F7E5B12CED8A000001D00140000CED8A0000001001610000000000000000000000000000000000000000000000000000000000000000006" Description="" FullApp="True" BridgeVersionCreated="" BridgeVersionChanged="" ObjectDateCreated="" ObjectDateChanged="" ExportFormat="Distribution" DistributionMode="Custom" AuthorID="CED8A000" Signed="True">
    <PackageManifest Key="PRODUCTION_20131014" File="App Settings/Manifest.xml" />
    <AppObjects>
      <Object Type="DP" GUID="DPA52399C142CB490DA1D29AA1254969F47E5B12CED8A000001D00140000CED8A00000010000100000000000000000000000000000000000000000000000000000000000000000EE" Name="Patient Registration Form" UniqueKey="ced8a0003fe960f3cf354c4f8fc6" AppInitialSignature="CED8A0000001000B" ObjectInitialSignature="CED8A00000010000" ObjectDateAdded="2021-11-18T06:59:34" BridgeVersionCreated="29.2" BridgeVersionChanged="" ObjectDateCreated="2021-11-18T06:59:34" ObjectDateChanged="" DefaultImportAction="NEW" File="DataPages_2021-Dec-02_0257.xml" Signed="True" Folder="Public" AppName="db_healthcare" />
      <Object Type="DP" GUID="DP2672B798821142F9A38CFE63A0FF4E6E7E5B12CED8A000001D00140000CED8A0000001000010000000000000000000000000000000000000000000000000000000000000000010" Name="Update Profile" UniqueKey="ced8a000b8438fce76f441599337" AppInitialSignature="CED8A0000001000C" ObjectInitialSignature="CED8A00000010000" ObjectDateAdded="2021-11-18T07:07:06" BridgeVersionCreated="29.2" BridgeVersionChanged="" ObjectDateCreated="2021-11-18T07:07:06" ObjectDateChanged="" DefaultImportAction="NEW" File="DataPages_2021-Dec-02_0257.xml" Signed="True" Folder="Patients" AppName="db_healthcare" />
      <Object Type="DP" GUID="DPB2ADEB4DB0484C7E97C4D2BE2DF5DB227E5B12CED8A000001D00140000CED8A0000001000010000000000000000000000000000000000000000000000000000000000000000058" Name="Prior Visits" UniqueKey="ced8a000a422958fe119496ba262" AppInitialSignature="CED8A0000001000D" ObjectInitialSignature="CED8A00000010000" ObjectDateAdded="2021-11-18T07:11:37" BridgeVersionCreated="29.2" BridgeVersionChanged="" ObjectDateCreated="2021-11-18T07:11:37" ObjectDateChanged="" DefaultImportAction="NEW" File="DataPages_2021-Dec-02_0257.xml" Signed="True" Folder="Patients" AppName="db_healthcare" />
      <Object Type="DP" GUID="DP0200EAABF8FC400497F3516731B24FBB7E5B12CED8A000001D00140000CED8A00000010000100000000000000000000000000000000000000000000000000000000000000000FC" Name="View Messages" UniqueKey="ced8a000e33ccdb50ea24728bdb0" AppInitialSignature="CED8A0000001000E" ObjectInitialSignature="CED8A00000010000" ObjectDateAdded="2021-11-18T07:14:17" BridgeVersionCreated="29.2" BridgeVersionChanged="" ObjectDateCreated="2021-11-18T07:14:17" ObjectDateChanged="" DefaultImportAction="NEW" File="DataPages_2021-Dec-02_0257.xml" Signed="True" Folder="Patients" AppName="db_healthcare" />
      <Object Type="DP" GUID="DP34DEAF4FC8184F4EB1C60B6FD71E37477E5B12CED8A000001D00140000CED8A0000001000010000000000000000000000000000000000000000000000000000000000000000038" Name="Patient Login" UniqueKey="ced8a000dd0c74a4d7d44f599343" AppInitialSignature="CED8A0000001000F" ObjectInitialSignature="CED8A00000010000" ObjectDateAdded="2021-11-18T07:16:58" BridgeVersionCreated="29.2" BridgeVersionChanged="" ObjectDateCreated="2021-11-18T07:16:58" ObjectDateChanged="" DefaultImportAction="NEW" File="DataPages_2021-Dec-02_0257.xml" Signed="True" Folder="Patients" AppName="db_healthcare" />
      <Object Type="DP" GUID="DPDB81CD50E3D340A18CF4A0D53FC9A78D7E5B12CED8A000001D00140000CED8A0000001000010000000000000000000000000000000000000000000000000000000000000000038" Name="Visits by Month" UniqueKey="ced8a000db0dc2fe70f243cf8acb" AppInitialSignature="CED8A00000010010" ObjectInitialSignature="CED8A00000010000" ObjectDateAdded="2021-11-18T07:20:40" BridgeVersionCreated="29.2" BridgeVersionChanged="" ObjectDateCreated="2021-11-18T07:20:40" ObjectDateChanged="" DefaultImportAction="NEW" File="DataPages_2021-Dec-02_0257.xml" Signed="True" Folder="Doctors" AppName="db_healthcare" />
      <Object Type="DP" GUID="DPB182587AD544419BAB0CC12660408DA17E5B12CED8A000001D00140000CED8A00000010000100000000000000000000000000000000000000000000000000000000000000000DD" Name="Patients by Month" UniqueKey="ced8a0005ed3d3b5fa7d438088bb" AppInitialSignature="CED8A00000010011" ObjectInitialSignature="CED8A00000010000" ObjectDateAdded="2021-11-18T07:22:05" BridgeVersionCreated="29.2" BridgeVersionChanged="" ObjectDateCreated="2021-11-18T07:22:05" ObjectDateChanged="" DefaultImportAction="NEW" File="DataPages_2021-Dec-02_0257.xml" Signed="True" Folder="Doctors" AppName="db_healthcare" />
      <Object Type="DP" GUID="DP26CE6719C7C2467985962C9F9A3860677E5B12CED8A000001D00140000CED8A00000010000100000000000000000000000000000000000000000000000000000000000000000E8" Name="Patients by Status" UniqueKey="ced8a0000af01b79b07a4fd48737" AppInitialSignature="CED8A00000010012" ObjectInitialSignature="CED8A00000010000" ObjectDateAdded="2021-11-18T07:23:07" BridgeVersionCreated="29.2" BridgeVersionChanged="" ObjectDateCreated="2021-11-18T07:23:07" ObjectDateChanged="" DefaultImportAction="NEW" File="DataPages_2021-Dec-02_0257.xml" Signed="True" Folder="Doctors" AppName="db_healthcare" />
      <Object Type="DP" GUID="DPFEDFB03608064649A827E4AD8218797E7E5B12CED8A000001D00140000CED8A0000001000010000000000000000000000000000000000000000000000000000000000000000004" Name="Messages by Patient" UniqueKey="ced8a0008d59fd63d2414e10a4ea" AppInitialSignature="CED8A00000010013" ObjectInitialSignature="CED8A00000010000" ObjectDateAdded="2021-11-18T07:23:59" BridgeVersionCreated="29.2" BridgeVersionChanged="" ObjectDateCreated="2021-11-18T07:23:59" ObjectDateChanged="" DefaultImportAction="NEW" File="DataPages_2021-Dec-02_0257.xml" Signed="True" Folder="Doctors" AppName="db_healthcare" />
      <Object Type="DP" GUID="DPBA795E16B6F64F69B73E5755F3E6BBAD7E5B12CED8A000001D00140000CED8A0000001000010000000000000000000000000000000000000000000000000000000000000000045" Name="Update Profile" UniqueKey="ced8a000408392b8c76848229b45" AppInitialSignature="CED8A00000010014" ObjectInitialSignature="CED8A00000010000" ObjectDateAdded="2021-11-18T07:29:42" BridgeVersionCreated="29.2" BridgeVersionChanged="" ObjectDateCreated="2021-11-18T07:29:42" ObjectDateChanged="" DefaultImportAction="NEW" File="DataPages_2021-Dec-02_0257.xml" Signed="True" Folder="Doctors" AppName="db_healthcare" />
      <Object Type="DP" GUID="DPBBEB054DD9914E7C84AC0F46E629AB8D7E5B12CED8A000001D00140000CED8A0000001000010000000000000000000000000000000000000000000000000000000000000000047" Name="View Manage Patient" UniqueKey="ced8a000406482a076e94e0dbd84" AppInitialSignature="CED8A00000010015" ObjectInitialSignature="CED8A00000010000" ObjectDateAdded="2021-11-18T07:36:56" BridgeVersionCreated="29.2" BridgeVersionChanged="" ObjectDateCreated="2021-11-18T07:36:55" ObjectDateChanged="" DefaultImportAction="NEW" File="DataPages_2021-Dec-02_0257.xml" Signed="True" Folder="Doctors" AppName="db_healthcare" />
      <Object Type="DP" GUID="DPE7EA2450D07F41FFA59AF17521452B757E5B12CED8A000001D00140000CED8A00000010001100000000000000000000000000000000000000000000000000000000000000000FF" Name="Patient Details" UniqueKey="ced8a000d2262392654841d38248" AppInitialSignature="CED8A00000010016" ObjectInitialSignature="CED8A00000010000" ObjectDateAdded="2021-11-18T07:41:26" BridgeVersionCreated="29.2" BridgeVersionChanged="29.2" ObjectDateCreated="2021-11-18T07:41:26" ObjectDateChanged="2021-11-18T07:44:07" DefaultImportAction="NEW" File="DataPages_2021-Dec-02_0257.xml" Signed="True" Folder="Doctors" AppName="db_healthcare" />
      <Object Type="TB" GUID="TBA139E195D2B04B66A2D99114F12873997E5B12CED8A000001D00140000CED8A00000010001100000000000000000000000000000000000000000000000000000000000000000DB" Name="patient_info" AppInitialSignature="CED8A00000010001" ObjectInitialSignature="CED8A00000010000" ObjectDateAdded="2021-11-18T06:22:42" BridgeVersionCreated="29.2" BridgeVersionChanged="29.2" ObjectDateCreated="2021-11-18T06:22:42" ObjectDateChanged="2021-11-18T06:32:43" DefaultImportAction="NEW" File="Tables_2021-Dec-02_0257.xml" Signed="True" DataDateUpdated="2021-11-18T07:57:55" FileType="XMLTables" />
      <Object Type="TB" GUID="TB1D361B01ADC34511826AA884DF2DBDC17E5B12CED8A000001D00140000CED8A000000100001000000000000000000000000000000000000000000000000000000000000000000A" Name="doctor_info" AppInitialSignature="CED8A00000010002" ObjectInitialSignature="CED8A00000010000" ObjectDateAdded="2021-11-18T06:24:17" BridgeVersionCreated="29.2" BridgeVersionChanged="29.2" ObjectDateCreated="2021-11-18T06:24:17" ObjectDateChanged="" DefaultImportAction="NEW" File="Tables_2021-Dec-02_0257.xml" Signed="True" DataDateUpdated="2021-11-18T07:25:13" FileType="XMLTables" />
      <Object Type="TB" GUID="TB01D9DC983C9842DDA43C9C7574834A557E5B12CED8A000001D00140000CED8A0000001000010000000000000000000000000000000000000000000000000000000000000000005" Name="visit_info" AppInitialSignature="CED8A00000010003" ObjectInitialSignature="CED8A00000010000" ObjectDateAdded="2021-11-18T06:26:59" BridgeVersionCreated="29.2" BridgeVersionChanged="29.2" ObjectDateCreated="2021-11-18T06:26:58" ObjectDateChanged="" DefaultImportAction="NEW" File="Tables_2021-Dec-02_0257.xml" Signed="True" DataDateUpdated="" FileType="XMLTables" />
      <Object Type="TB" GUID="TB378887BDFC86451E8216260C4E69BD3D7E5B12CED8A000001D00140000CED8A0000001000010000000000000000000000000000000000000000000000000000000000000000008" Name="message_info" AppInitialSignature="CED8A00000010004" ObjectInitialSignature="CED8A00000010000" ObjectDateAdded="2021-11-18T06:28:14" BridgeVersionCreated="29.2" BridgeVersionChanged="29.2" ObjectDateCreated="2021-11-18T06:28:14" ObjectDateChanged="" DefaultImportAction="NEW" File="Tables_2021-Dec-02_0257.xml" Signed="True" DataDateUpdated="" FileType="XMLTables" />
      <Object Type="TB" GUID="TB6446FC5A9FA948EC8CB02BB354E705057E5B12CED8A000001D00140000CED8A0000001000010000000000000000000000000000000000000000000000000000000000000000017" Name="status_lookup" AppInitialSignature="CED8A00000010005" ObjectInitialSignature="CED8A00000010000" ObjectDateAdded="2021-11-18T06:29:34" BridgeVersionCreated="29.2" BridgeVersionChanged="29.2" ObjectDateCreated="2021-11-18T06:29:34" ObjectDateChanged="" DefaultImportAction="NEW" File="Tables_2021-Dec-02_0257.xml" Signed="True" DataDateUpdated="2021-11-18T06:30:38" FileType="XMLTables" />
      <Object Type="VW" GUID="VWAB2C8BECB17F490693037DB1D510E5927E5B12CED8A000001D00140000CED8A0000001000010000000000000000000000000000000000000000000000000000000000000000022" Name="filter_active_doctor" AppInitialSignature="CED8A00000010006" ObjectInitialSignature="CED8A00000010000" ObjectDateAdded="2021-11-18T06:36:54" BridgeVersionCreated="29.2" BridgeVersionChanged="" ObjectDateCreated="2021-11-18T06:36:53" ObjectDateChanged="" DefaultImportAction="NEW" File="Views_2021-Dec-02_0257.xml" Signed="True" />
      <Object Type="VW" GUID="VW706BD61947D840B3AA309653C971CE0E7E5B12CED8A000001D00140000CED8A0000001000010000000000000000000000000000000000000000000000000000000000000000009" Name="filter_active_patient" AppInitialSignature="CED8A00000010007" ObjectInitialSignature="CED8A00000010000" ObjectDateAdded="2021-11-18T06:38:00" BridgeVersionCreated="29.2" BridgeVersionChanged="" ObjectDateCreated="2021-11-18T06:38:00" ObjectDateChanged="" DefaultImportAction="NEW" File="Views_2021-Dec-02_0257.xml" Signed="True" />
      <Object Type="LC" GUID="LCD4F2644E14D94596AF36EF47124363BF7E4B03CED8A000001800320000CED8A00000010000100000000000000000000000000000000000000000000000000000000000000000EC" Name="English (UK)" AppInitialSignature="CED8A0000001000A" ObjectInitialSignature="CED8A00000010000" ObjectDateAdded="2021-11-18T06:59:34" BridgeVersionCreated="24.5" BridgeVersionChanged="" ObjectDateCreated="2021-11-18T05:25:10" ObjectDateChanged="" DefaultImportAction="NEW" File="Localizations_2021-Dec-02_0257.xml" Signed="True" />
      <Object Type="AU" GUID="AUC2651EFF0B634E3FA3948AE0A4D1D1E07E5B12CED8A000001D00140000CED8A0000001000010000000000000000000000000000000000000000000000000000000000000000024" Name="doctor login" AppInitialSignature="CED8A00000010008" ObjectInitialSignature="CED8A00000010000" ObjectDateAdded="2021-11-18T06:39:35" BridgeVersionCreated="29.2" BridgeVersionChanged="" ObjectDateCreated="2021-11-18T06:39:35" ObjectDateChanged="" DefaultImportAction="NEW" File="Authentications_2021-Dec-02_0257.xml" Signed="True" />
      <Object Type="AU" GUID="AUFAC3A5D3A3A1479CBEDE55C658CAF1397E5B12CED8A000001D00140000CED8A0000001000010000000000000000000000000000000000000000000000000000000000000000050" Name="patient login" AppInitialSignature="CED8A00000010009" ObjectInitialSignature="CED8A00000010000" ObjectDateAdded="2021-11-18T06:40:03" BridgeVersionCreated="29.2" BridgeVersionChanged="" ObjectDateCreated="2021-11-18T06:40:03" ObjectDateChanged="" DefaultImportAction="NEW" File="Authentications_2021-Dec-02_0257.xml" Signed="True" />
      <Relationship Type="TB" BindingType="Relationships" ParentTableName="doctor_info" ParentTableGUID="TB1D361B01ADC34511826AA884DF2DBDC17E5B12CED8A000001D00140000CED8A000000100001000000000000000000000000000000000000000000000000000000000000000000A" ParentColumnName="Doctor_ID" ParentLookupColumnName="" ParentLookupColumnForDP="False" ChildTableName="message_info" ChildTableGUID="TB378887BDFC86451E8216260C4E69BD3D7E5B12CED8A000001D00140000CED8A0000001000010000000000000000000000000000000000000000000000000000000000000000008" ChildColumnName="Doctor_ID" JoinType="I" RelationType="OM" ReferentialIntegrity="False" />
      <Relationship Type="TB" BindingType="Relationships" ParentTableName="doctor_info" ParentTableGUID="TB1D361B01ADC34511826AA884DF2DBDC17E5B12CED8A000001D00140000CED8A000000100001000000000000000000000000000000000000000000000000000000000000000000A" ParentColumnName="Doctor_ID" ParentLookupColumnName="" ParentLookupColumnForDP="False" ChildTableName="visit_info" ChildTableGUID="TB01D9DC983C9842DDA43C9C7574834A557E5B12CED8A000001D00140000CED8A0000001000010000000000000000000000000000000000000000000000000000000000000000005" ChildColumnName="Doctor_ID" JoinType="I" RelationType="OM" ReferentialIntegrity="False" />
      <Relationship Type="TB" BindingType="Relationships" ParentTableName="patient_info" ParentTableGUID="TBA139E195D2B04B66A2D99114F12873997E5B12CED8A000001D00140000CED8A00000010001100000000000000000000000000000000000000000000000000000000000000000DB" ParentColumnName="Patient_ID" ParentLookupColumnName="" ParentLookupColumnForDP="False" ChildTableName="message_info" ChildTableGUID="TB378887BDFC86451E8216260C4E69BD3D7E5B12CED8A000001D00140000CED8A0000001000010000000000000000000000000000000000000000000000000000000000000000008" ChildColumnName="Patient_ID" JoinType="I" RelationType="OM" ReferentialIntegrity="False" />
      <Relationship Type="TB" BindingType="Relationships" ParentTableName="patient_info" ParentTableGUID="TBA139E195D2B04B66A2D99114F12873997E5B12CED8A000001D00140000CED8A00000010001100000000000000000000000000000000000000000000000000000000000000000DB" ParentColumnName="Patient_ID" ParentLookupColumnName="" ParentLookupColumnForDP="False" ChildTableName="visit_info" ChildTableGUID="TB01D9DC983C9842DDA43C9C7574834A557E5B12CED8A000001D00140000CED8A0000001000010000000000000000000000000000000000000000000000000000000000000000005" ChildColumnName="Patient_ID" JoinType="I" RelationType="OM" ReferentialIntegrity="False" />
      <Relationship Type="LC" BindingType="BoundObjects" ParentObjectGUID="DPA52399C142CB490DA1D29AA1254969F47E5B12CED8A000001D00140000CED8A00000010000100000000000000000000000000000000000000000000000000000000000000000EE" ChildObjectName="English (UK)" ChildObjectGUID="LCD4F2644E14D94596AF36EF47124363BF7E4B03CED8A000001800320000CED8A00000010000100000000000000000000000000000000000000000000000000000000000000000EC" />
      <Relationship Type="LC" BindingType="BoundObjects" ParentObjectGUID="DP2672B798821142F9A38CFE63A0FF4E6E7E5B12CED8A000001D00140000CED8A0000001000010000000000000000000000000000000000000000000000000000000000000000010" ChildObjectName="English (UK)" ChildObjectGUID="LCD4F2644E14D94596AF36EF47124363BF7E4B03CED8A000001800320000CED8A00000010000100000000000000000000000000000000000000000000000000000000000000000EC" />
      <Relationship Type="AU" BindingType="BoundObjects" ParentObjectGUID="DP2672B798821142F9A38CFE63A0FF4E6E7E5B12CED8A000001D00140000CED8A0000001000010000000000000000000000000000000000000000000000000000000000000000010" ChildObjectName="patient login" ChildObjectGUID="AUFAC3A5D3A3A1479CBEDE55C658CAF1397E5B12CED8A000001D00140000CED8A0000001000010000000000000000000000000000000000000000000000000000000000000000050" />
      <Relationship Type="LC" BindingType="BoundObjects" ParentObjectGUID="DPB2ADEB4DB0484C7E97C4D2BE2DF5DB227E5B12CED8A000001D00140000CED8A0000001000010000000000000000000000000000000000000000000000000000000000000000058" ChildObjectName="English (UK)" ChildObjectGUID="LCD4F2644E14D94596AF36EF47124363BF7E4B03CED8A000001800320000CED8A00000010000100000000000000000000000000000000000000000000000000000000000000000EC" />
      <Relationship Type="AU" BindingType="BoundObjects" ParentObjectGUID="DPB2ADEB4DB0484C7E97C4D2BE2DF5DB227E5B12CED8A000001D00140000CED8A0000001000010000000000000000000000000000000000000000000000000000000000000000058" ChildObjectName="patient login" ChildObjectGUID="AUFAC3A5D3A3A1479CBEDE55C658CAF1397E5B12CED8A000001D00140000CED8A0000001000010000000000000000000000000000000000000000000000000000000000000000050" />
      <Relationship Type="LC" BindingType="BoundObjects" ParentObjectGUID="DP0200EAABF8FC400497F3516731B24FBB7E5B12CED8A000001D00140000CED8A00000010000100000000000000000000000000000000000000000000000000000000000000000FC" ChildObjectName="English (UK)" ChildObjectGUID="LCD4F2644E14D94596AF36EF47124363BF7E4B03CED8A000001800320000CED8A00000010000100000000000000000000000000000000000000000000000000000000000000000EC" />
      <Relationship Type="AU" BindingType="BoundObjects" ParentObjectGUID="DP0200EAABF8FC400497F3516731B24FBB7E5B12CED8A000001D00140000CED8A00000010000100000000000000000000000000000000000000000000000000000000000000000FC" ChildObjectName="patient login" ChildObjectGUID="AUFAC3A5D3A3A1479CBEDE55C658CAF1397E5B12CED8A000001D00140000CED8A0000001000010000000000000000000000000000000000000000000000000000000000000000050" />
      <Relationship Type="LC" BindingType="BoundObjects" ParentObjectGUID="DP34DEAF4FC8184F4EB1C60B6FD71E37477E5B12CED8A000001D00140000CED8A0000001000010000000000000000000000000000000000000000000000000000000000000000038" ChildObjectName="English (UK)" ChildObjectGUID="LCD4F2644E14D94596AF36EF47124363BF7E4B03CED8A000001800320000CED8A00000010000100000000000000000000000000000000000000000000000000000000000000000EC" />
      <Relationship Type="AU" BindingType="BoundObjects" ParentObjectGUID="DP34DEAF4FC8184F4EB1C60B6FD71E37477E5B12CED8A000001D00140000CED8A0000001000010000000000000000000000000000000000000000000000000000000000000000038" ChildObjectName="patient login" ChildObjectGUID="AUFAC3A5D3A3A1479CBEDE55C658CAF1397E5B12CED8A000001D00140000CED8A0000001000010000000000000000000000000000000000000000000000000000000000000000050" />
      <Relationship Type="LC" BindingType="BoundObjects" ParentObjectGUID="DPDB81CD50E3D340A18CF4A0D53FC9A78D7E5B12CED8A000001D00140000CED8A0000001000010000000000000000000000000000000000000000000000000000000000000000038" ChildObjectName="English (UK)" ChildObjectGUID="LCD4F2644E14D94596AF36EF47124363BF7E4B03CED8A000001800320000CED8A00000010000100000000000000000000000000000000000000000000000000000000000000000EC" />
      <Relationship Type="AU" BindingType="BoundObjects" ParentObjectGUID="DPDB81CD50E3D340A18CF4A0D53FC9A78D7E5B12CED8A000001D00140000CED8A0000001000010000000000000000000000000000000000000000000000000000000000000000038" ChildObjectName="doctor login" ChildObjectGUID="AUC2651EFF0B634E3FA3948AE0A4D1D1E07E5B12CED8A000001D00140000CED8A0000001000010000000000000000000000000000000000000000000000000000000000000000024" />
      <Relationship Type="LC" BindingType="BoundObjects" ParentObjectGUID="DPB182587AD544419BAB0CC12660408DA17E5B12CED8A000001D00140000CED8A00000010000100000000000000000000000000000000000000000000000000000000000000000DD" ChildObjectName="English (UK)" ChildObjectGUID="LCD4F2644E14D94596AF36EF47124363BF7E4B03CED8A000001800320000CED8A00000010000100000000000000000000000000000000000000000000000000000000000000000EC" />
      <Relationship Type="AU" BindingType="BoundObjects" ParentObjectGUID="DPB182587AD544419BAB0CC12660408DA17E5B12CED8A000001D00140000CED8A00000010000100000000000000000000000000000000000000000000000000000000000000000DD" ChildObjectName="doctor login" ChildObjectGUID="AUC2651EFF0B634E3FA3948AE0A4D1D1E07E5B12CED8A000001D00140000CED8A0000001000010000000000000000000000000000000000000000000000000000000000000000024" />
      <Relationship Type="LC" BindingType="BoundObjects" ParentObjectGUID="DP26CE6719C7C2467985962C9F9A3860677E5B12CED8A000001D00140000CED8A00000010000100000000000000000000000000000000000000000000000000000000000000000E8" ChildObjectName="English (UK)" ChildObjectGUID="LCD4F2644E14D94596AF36EF47124363BF7E4B03CED8A000001800320000CED8A00000010000100000000000000000000000000000000000000000000000000000000000000000EC" />
      <Relationship Type="AU" BindingType="BoundObjects" ParentObjectGUID="DP26CE6719C7C2467985962C9F9A3860677E5B12CED8A000001D00140000CED8A00000010000100000000000000000000000000000000000000000000000000000000000000000E8" ChildObjectName="doctor login" ChildObjectGUID="AUC2651EFF0B634E3FA3948AE0A4D1D1E07E5B12CED8A000001D00140000CED8A0000001000010000000000000000000000000000000000000000000000000000000000000000024" />
      <Relationship Type="LC" BindingType="BoundObjects" ParentObjectGUID="DPFEDFB03608064649A827E4AD8218797E7E5B12CED8A000001D00140000CED8A0000001000010000000000000000000000000000000000000000000000000000000000000000004" ChildObjectName="English (UK)" ChildObjectGUID="LCD4F2644E14D94596AF36EF47124363BF7E4B03CED8A000001800320000CED8A00000010000100000000000000000000000000000000000000000000000000000000000000000EC" />
      <Relationship Type="AU" BindingType="BoundObjects" ParentObjectGUID="DPFEDFB03608064649A827E4AD8218797E7E5B12CED8A000001D00140000CED8A0000001000010000000000000000000000000000000000000000000000000000000000000000004" ChildObjectName="doctor login" ChildObjectGUID="AUC2651EFF0B634E3FA3948AE0A4D1D1E07E5B12CED8A000001D00140000CED8A0000001000010000000000000000000000000000000000000000000000000000000000000000024" />
      <Relationship Type="LC" BindingType="BoundObjects" ParentObjectGUID="DPBA795E16B6F64F69B73E5755F3E6BBAD7E5B12CED8A000001D00140000CED8A0000001000010000000000000000000000000000000000000000000000000000000000000000045" ChildObjectName="English (UK)" ChildObjectGUID="LCD4F2644E14D94596AF36EF47124363BF7E4B03CED8A000001800320000CED8A00000010000100000000000000000000000000000000000000000000000000000000000000000EC" />
      <Relationship Type="AU" BindingType="BoundObjects" ParentObjectGUID="DPBA795E16B6F64F69B73E5755F3E6BBAD7E5B12CED8A000001D00140000CED8A0000001000010000000000000000000000000000000000000000000000000000000000000000045" ChildObjectName="doctor login" ChildObjectGUID="AUC2651EFF0B634E3FA3948AE0A4D1D1E07E5B12CED8A000001D00140000CED8A0000001000010000000000000000000000000000000000000000000000000000000000000000024" />
      <Relationship Type="LC" BindingType="BoundObjects" ParentObjectGUID="DPBBEB054DD9914E7C84AC0F46E629AB8D7E5B12CED8A000001D00140000CED8A0000001000010000000000000000000000000000000000000000000000000000000000000000047" ChildObjectName="English (UK)" ChildObjectGUID="LCD4F2644E14D94596AF36EF47124363BF7E4B03CED8A000001800320000CED8A00000010000100000000000000000000000000000000000000000000000000000000000000000EC" />
      <Relationship Type="AU" BindingType="BoundObjects" ParentObjectGUID="DPBBEB054DD9914E7C84AC0F46E629AB8D7E5B12CED8A000001D00140000CED8A0000001000010000000000000000000000000000000000000000000000000000000000000000047" ChildObjectName="doctor login" ChildObjectGUID="AUC2651EFF0B634E3FA3948AE0A4D1D1E07E5B12CED8A000001D00140000CED8A0000001000010000000000000000000000000000000000000000000000000000000000000000024" />
      <Relationship Type="LC" BindingType="BoundObjects" ParentObjectGUID="DPE7EA2450D07F41FFA59AF17521452B757E5B12CED8A000001D00140000CED8A00000010001100000000000000000000000000000000000000000000000000000000000000000FF" ChildObjectName="English (UK)" ChildObjectGUID="LCD4F2644E14D94596AF36EF47124363BF7E4B03CED8A000001800320000CED8A00000010000100000000000000000000000000000000000000000000000000000000000000000EC" />
      <Relationship Type="AU" BindingType="BoundObjects" ParentObjectGUID="DPE7EA2450D07F41FFA59AF17521452B757E5B12CED8A000001D00140000CED8A00000010001100000000000000000000000000000000000000000000000000000000000000000FF" ChildObjectName="doctor login" ChildObjectGUID="AUC2651EFF0B634E3FA3948AE0A4D1D1E07E5B12CED8A000001D00140000CED8A0000001000010000000000000000000000000000000000000000000000000000000000000000024" />
    </AppObjects>
    <AppVariables>
      <Variable Name="AppKey:ced8a0000af01b79b07a4fd48737" ReplaceWhen="Import" ValueType="AppKey" Required="True" Tip="" GUID="DP26CE6719C7C2467985962C9F9A3860677E5B12CED8A000001D00140000CED8A00000010000100000000000000000000000000000000000000000000000000000000000000000E8">
        <Value />
        <DefaultValue>ced8a0000af01b79b07a4fd48737</DefaultValue>
      </Variable>
      <Variable Name="AppKey:ced8a0003fe960f3cf354c4f8fc6" ReplaceWhen="Import" ValueType="AppKey" Required="True" Tip="" GUID="DPA52399C142CB490DA1D29AA1254969F47E5B12CED8A000001D00140000CED8A00000010000100000000000000000000000000000000000000000000000000000000000000000EE">
        <Value />
        <DefaultValue>ced8a0003fe960f3cf354c4f8fc6</DefaultValue>
      </Variable>
      <Variable Name="AppKey:ced8a000406482a076e94e0dbd84" ReplaceWhen="Import" ValueType="AppKey" Required="True" Tip="" GUID="DPBBEB054DD9914E7C84AC0F46E629AB8D7E5B12CED8A000001D00140000CED8A0000001000010000000000000000000000000000000000000000000000000000000000000000047">
        <Value />
        <DefaultValue>ced8a000406482a076e94e0dbd84</DefaultValue>
      </Variable>
      <Variable Name="AppKey:ced8a000408392b8c76848229b45" ReplaceWhen="Import" ValueType="AppKey" Required="True" Tip="" GUID="DPBA795E16B6F64F69B73E5755F3E6BBAD7E5B12CED8A000001D00140000CED8A0000001000010000000000000000000000000000000000000000000000000000000000000000045">
        <Value />
        <DefaultValue>ced8a000408392b8c76848229b45</DefaultValue>
      </Variable>
      <Variable Name="AppKey:ced8a0005ed3d3b5fa7d438088bb" ReplaceWhen="Import" ValueType="AppKey" Required="True" Tip="" GUID="DPB182587AD544419BAB0CC12660408DA17E5B12CED8A000001D00140000CED8A00000010000100000000000000000000000000000000000000000000000000000000000000000DD">
        <Value />
        <DefaultValue>ced8a0005ed3d3b5fa7d438088bb</DefaultValue>
      </Variable>
      <Variable Name="AppKey:ced8a0008d59fd63d2414e10a4ea" ReplaceWhen="Import" ValueType="AppKey" Required="True" Tip="" GUID="DPFEDFB03608064649A827E4AD8218797E7E5B12CED8A000001D00140000CED8A0000001000010000000000000000000000000000000000000000000000000000000000000000004">
        <Value />
        <DefaultValue>ced8a0008d59fd63d2414e10a4ea</DefaultValue>
      </Variable>
      <Variable Name="AppKey:ced8a000a422958fe119496ba262" ReplaceWhen="Import" ValueType="AppKey" Required="True" Tip="" GUID="DPB2ADEB4DB0484C7E97C4D2BE2DF5DB227E5B12CED8A000001D00140000CED8A0000001000010000000000000000000000000000000000000000000000000000000000000000058">
        <Value />
        <DefaultValue>ced8a000a422958fe119496ba262</DefaultValue>
      </Variable>
      <Variable Name="AppKey:ced8a000b8438fce76f441599337" ReplaceWhen="Import" ValueType="AppKey" Required="True" Tip="" GUID="DP2672B798821142F9A38CFE63A0FF4E6E7E5B12CED8A000001D00140000CED8A0000001000010000000000000000000000000000000000000000000000000000000000000000010">
        <Value />
        <DefaultValue>ced8a000b8438fce76f441599337</DefaultValue>
      </Variable>
      <Variable Name="AppKey:ced8a000d2262392654841d38248" ReplaceWhen="Import" ValueType="AppKey" Required="True" Tip="" GUID="DPE7EA2450D07F41FFA59AF17521452B757E5B12CED8A000001D00140000CED8A00000010001100000000000000000000000000000000000000000000000000000000000000000FF">
        <Value />
        <DefaultValue>ced8a000d2262392654841d38248</DefaultValue>
      </Variable>
      <Variable Name="AppKey:ced8a000db0dc2fe70f243cf8acb" ReplaceWhen="Import" ValueType="AppKey" Required="True" Tip="" GUID="DPDB81CD50E3D340A18CF4A0D53FC9A78D7E5B12CED8A000001D00140000CED8A0000001000010000000000000000000000000000000000000000000000000000000000000000038">
        <Value />
        <DefaultValue>ced8a000db0dc2fe70f243cf8acb</DefaultValue>
      </Variable>
      <Variable Name="AppKey:ced8a000dd0c74a4d7d44f599343" ReplaceWhen="Import" ValueType="AppKey" Required="True" Tip="" GUID="DP34DEAF4FC8184F4EB1C60B6FD71E37477E5B12CED8A000001D00140000CED8A0000001000010000000000000000000000000000000000000000000000000000000000000000038">
        <Value />
        <DefaultValue>ced8a000dd0c74a4d7d44f599343</DefaultValue>
      </Variable>
      <Variable Name="AppKey:ced8a000e33ccdb50ea24728bdb0" ReplaceWhen="Import" ValueType="AppKey" Required="True" Tip="" GUID="DP0200EAABF8FC400497F3516731B24FBB7E5B12CED8A000001D00140000CED8A00000010000100000000000000000000000000000000000000000000000000000000000000000FC">
        <Value />
        <DefaultValue>ced8a000e33ccdb50ea24728bdb0</DefaultValue>
      </Variable>
      <Variable Name="URL_1" ReplaceWhen="Runtime" ValueType="URL" Required="True" Tip="">
        <Value>http://patient</Value>
        <DefaultValue />
      </Variable>
      <Variable Name="URL_2" ReplaceWhen="Runtime" ValueType="URL" Required="True" Tip="">
        <Value>http://edit</Value>
        <DefaultValue />
      </Variable>
    </AppVariables>
  </App>
</BridgePackage>