<PackageManifest>
  <Item File="App Settings/AppSettings.xml">
    <Sign>QDfyW5VLVDy71IhLDc/7U2IKLbdhyQUcvKnWxeD5jEPOZMydHWdMvQ==</Sign>
  </Item>
  <Item File="Authentications_2021-Dec-02_0257.xml">
    <Sign>UoMAPlSgDJMlF2Se9umRwsIrEU90qNcBziYg1rAaCEIGtN2IAuvXOQ==</Sign>
  </Item>
  <Item File="DataPages_2021-Dec-02_0257.xml">
    <Sign>Ic7u/QONwg7WT3O2uBjMJDMc5u0kNHhukLnsmEVitoNRRkyCZsJWEg==</Sign>
  </Item>
  <Item File="Localizations_2021-Dec-02_0257.xml">
    <Sign>Nywy1+1hSCtv/kULsGnGsz4PBbAVrnsOJ42LaVNisYn0LFCBBVc5mw==</Sign>
  </Item>
  <Item File="Tables_2021-Dec-02_0257.xml">
    <Sign>jPGLdZE7G0anno5lNDE8Br0BZDiKxezUjfyS4OX1/GwLOcH7084nkQ==</Sign>
  </Item>
  <Item File="Views_2021-Dec-02_0257.xml">
    <Sign>I7IBbQvlZG2Y7isdY5juBqGaTAJgHrFq673P9nOuHngWNxyU+gp6fQ==</Sign>
  </Item>
</PackageManifest>