﻿<?xml version="1.0" encoding="utf-8" ?><xml><Authentication Name="doctor login" Mode="Auth" RedirectSuccessTargetType="AppPage" RedirectProviderFailedTargetType="HTMLPage" RedirectProviderFailedMessage="Unknown user. Contact the app administrator for assistance." RedirectNotLoggedTargetType="AppPage" DisplayLayout="Right"><DataPageAuth DataSourceName="filter_active_doctor" DataSourceType="View" DisplayOrder="1" HeaderRichUI="False" FooterRichUI="False" Enabled="True" AuthFailureMessage="Authentication failed. The information you have provided cannot be authenticated. Check your login information and try again." FailureShowLoginForm="True" Type="Advanced" RedirectType="1" SessionTimeout="120"><Section ColumnCount="1" FieldAlignment="LeftToRight" Type="MultiColumn" DisplayOrder="1"><Field ColumnName="doctor_info_Email" Type="Text Field" Label="Email" Unique="True" DisplayOrder="1" Editable="True" DataType="STRING" Required="False" LabelOrientation="Left" DefaultValue="" Size="25" MaxLength="255" MinLength="" MaskPassword="False" CaseSensitive="False" /><Field ColumnName="doctor_info_Password" Type="Text Field" Label="Password" Unique="False" DisplayOrder="2" DataType="PASSWORD" Required="False" LabelOrientation="Left" DefaultValue="" MaxLength="" MinLength="" MaskPassword="True" CaseSensitive="True" /></Section><Mappings /></DataPageAuth><Note /></Authentication><Authentication Name="patient login" Mode="Auth" RedirectSuccessTargetType="AppPage" RedirectProviderFailedTargetType="HTMLPage" RedirectProviderFailedMessage="Unknown user. Contact the app administrator for assistance." RedirectNotLoggedTargetType="AppPage" DisplayLayout="Right"><DataPageAuth DataSourceName="filter_active_patient" DataSourceType="View" DisplayOrder="1" HeaderRichUI="False" FooterRichUI="False" Enabled="True" AuthFailureMessage="Authentication failed. The information you have provided cannot be authenticated. Check your login information and try again." FailureShowLoginForm="True" Type="Advanced" RedirectType="1" SessionTimeout="120"><Section ColumnCount="1" FieldAlignment="LeftToRight" Type="MultiColumn" DisplayOrder="1"><Field ColumnName="patient_info_Email" Type="Text Field" Label="Email" Unique="True" DisplayOrder="1" Editable="True" DataType="STRING" Required="False" LabelOrientation="Left" DefaultValue="" Size="25" MaxLength="255" MinLength="" MaskPassword="False" CaseSensitive="False" /><Field ColumnName="patient_info_Password" Type="Text Field" Label="Password" Unique="False" DisplayOrder="2" DataType="PASSWORD" Required="False" LabelOrientation="Left" DefaultValue="" MaxLength="" MinLength="" MaskPassword="True" CaseSensitive="True" /></Section><Mappings /></DataPageAuth><Note /></Authentication></xml>