﻿<?xml version="1.0" encoding="utf-8" ?><xml><Application Type="WebForm" AppKey="ced8a0003fe960f3cf354c4f8fc6" Name="Patient Registration Form" HomePageName="Patient Registration Form" Version="29.2" AjaxEnabled="True" EnableSemanticMarkup="True" AllowParameters="Y" UseAsyncDeployment="True" StyleTemplateId="1" LocalizationTemplateId="0"><NewRecordPage DataSourceType="Table" DataSourceName="patient_info" Name="Patient Registration Form" PageHeader="&lt;h3&gt;New Patient Registration&lt;/h3&gt;&#xA;" RichHeader="True" RichFooter="True" TargetType="HTMLPage" Message="Your submission was successful." RichMessage="False"><Section ColumnCount="2" FieldAlignment="LeftToRight" Type="MultiColumn" DisplayOrder="1"><Field ColumnName="Name" Label="Name" Type="Text Field" Unique="False" DisplayOrder="1" Editable="True" DataType="STRING" LabelOrientation="Top" Required="True" DefaultValue="" Size="25" MaxLength="255" MinLength="0" TypePassword="False" Confirmation="false" Calendar="False" /><Field ColumnName="Phone" Label="Phone" Type="Text Field" Unique="False" DisplayOrder="2" Editable="True" DataType="STRING" LabelOrientation="Top" Required="True" DefaultValue="" Size="25" MaxLength="255" MinLength="0" TypePassword="False" Confirmation="false" Calendar="False" /><Field ColumnName="Age" Label="Age" Type="Text Field" Unique="False" DisplayOrder="3" Editable="True" DataType="STRING" LabelOrientation="Top" Required="True" DefaultValue="" Size="25" MaxLength="255" MinLength="0" TypePassword="False" Confirmation="false" Calendar="False" /><Field ColumnName="Gender" Label="Gender" Type="Radio Buttons" Unique="False" DisplayOrder="4" Editable="True" DataType="STRING" LabelOrientation="Top" Required="True" LineBreak="False"><Option Value="Male" DisplayText="Male" IsSelected="false" DisplayOrder="" /><Option Value="Female" DisplayText="Female" IsSelected="False" DisplayOrder="" /></Field><Field ColumnName="Insurance_carrier" Label="Insurance carrier" Type="Text Field" Unique="False" DisplayOrder="5" Editable="True" DataType="STRING" LabelOrientation="Top" Required="False" DefaultValue="" Size="25" MaxLength="255" MinLength="0" TypePassword="False" Confirmation="false" Calendar="False" /><Field ColumnName="Family_Medical_History" Label="Family Medical History" Type="MSListbox" Unique="False" DisplayOrder="6" Editable="True" DataType="LIST-STRING" LabelOrientation="Top" Required="False" DefaultValue="" CheckAllValuesByDefault="False" ShowSelectAllOption="False" NumberDisplayed="5"><Format /></Field><Field ColumnName="Habitual_consumption" Label="Habitual consumption" Type="MSListbox" Unique="False" DisplayOrder="7" Editable="True" DataType="LIST-STRING" LabelOrientation="Top" Required="False" DefaultValue="" CheckAllValuesByDefault="False" ShowSelectAllOption="False" NumberDisplayed="5"><Format /></Field><Field ColumnName="How_often_do_you_exercise" Label="How often do you exercise" Type="Text Area" Unique="False" DisplayOrder="8" Editable="True" DataType="TEXT" LabelOrientation="Top" Required="True" DefaultValue="" Columns="50" Rows="5" MaxLength="64000" ShowRemainingCharacters="False" /><Field ColumnName="Medication_taken" Label="Medication taken" Type="Text Area" Unique="False" DisplayOrder="9" Editable="True" DataType="TEXT" LabelOrientation="Top" Required="False" DefaultValue="" Columns="50" Rows="5" MaxLength="64000" ShowRemainingCharacters="False" /><Field ColumnName="Email" Label="Email" Type="Text Field" Unique="True" DisplayOrder="10" Editable="True" DataType="STRING" LabelOrientation="Top" Required="True" DefaultValue="" Size="25" MaxLength="255" MinLength="0" TypePassword="False" Confirmation="true" ConfirmationLabel="Confirm Email" ConfirmationPlaceHolder="" ConfirmationHint="" CurrentPasswordHint="" CurrentPasswordPlaceHolder="" Calendar="False" /><Field ColumnName="Password" Label="Password" Type="Text Field" Unique="False" DisplayOrder="11" Editable="True" DataType="PASSWORD" LabelOrientation="Top" Required="True" DefaultValue="" Size="25" MaxLength="255" MinLength="0" TypePassword="True" Confirmation="True" PasswordStrengthIndicator="False" ConfirmationLabel="Confirm Password" ConfirmationPlaceHolder="" ConfirmationHint="" CurrentPasswordHint="" CurrentPasswordPlaceHolder="" Calendar="False" /><Field ColumnName="Patient_Status" Type="Hidden" Unique="False" DisplayOrder="12" Editable="True" DataType="STRING" Required="False" LabelOrientation="Top" DefaultValue="New" /><Field ColumnName="Account_Status" Type="Hidden" Unique="False" DisplayOrder="13" Editable="True" DataType="YES/NO" Required="False" LabelOrientation="Top" DefaultValue="Y" /><Field ColumnName="Date_registered" Label="Date registered" Type="TimeStamp" Unique="False" DisplayOrder="14" Editable="True" DataType="DATE/TIME" Required="False" LabelOrientation="Top" DefaultValue="" /></Section></NewRecordPage><Note /></Application><Application Type="WebForm" AppKey="ced8a000b8438fce76f441599337" Name="Update Profile" HomePageName="Update Profile" Version="29.2" AjaxEnabled="True" EnableSemanticMarkup="True" AllowParameters="Y" UseAsyncDeployment="True" StyleTemplateId="1" LocalizationTemplateId="0"><UpdateRecordPage DataSourceType="Table" DataSourceName="patient_info" Name="Update Profile" RichHeader="False" RichFooter="False" TargetType="HTMLPage" Message="Data was updated successfully." RichMessage="False"><Section ColumnCount="1" FieldAlignment="LeftToRight" Type="MultiColumn" DisplayOrder="1"><Field ColumnName="Name" Label="Name" Type="Static" Unique="False" DisplayOrder="1" Editable="False" DataType="STRING" LabelOrientation="Left" Required="False" DefaultValue="" DisplayType="Plain Text"><Format Type="" /></Field><Field ColumnName="Phone" Label="Phone" Type="Text Field" Unique="False" DisplayOrder="2" Editable="True" DataType="STRING" LabelOrientation="Left" Required="False" DefaultValue="" Size="25" MaxLength="255" MinLength="0" TypePassword="false" Confirmation="false" Calendar="False" /><Field ColumnName="Insurance_carrier" Label="Insurance carrier" Type="Text Field" Unique="False" DisplayOrder="3" Editable="True" DataType="STRING" LabelOrientation="Left" Required="False" DefaultValue="" Size="25" MaxLength="255" MinLength="0" TypePassword="false" Confirmation="false" Calendar="False" /><Field ColumnName="Gender" Label="Gender" Type="Static" Unique="False" DisplayOrder="4" Editable="False" DataType="STRING" LabelOrientation="Left" Required="False" DefaultValue="" DisplayType="Plain Text"><Format Type="" /></Field><Field ColumnName="Age" Label="Age" Type="Text Field" Unique="False" DisplayOrder="5" Editable="True" DataType="STRING" LabelOrientation="Left" Required="False" DefaultValue="" Size="25" MaxLength="255" MinLength="0" TypePassword="false" Confirmation="false" Calendar="False" /><Field ColumnName="Email" Label="Email" Type="Text Field" Unique="True" DisplayOrder="6" Editable="True" DataType="STRING" LabelOrientation="Left" Required="True" DefaultValue="" Size="25" MaxLength="255" MinLength="0" TypePassword="false" Confirmation="false" Calendar="False" /><Field ColumnName="Password" Label="Password" Type="Text Field" Unique="False" DisplayOrder="7" Editable="True" DataType="PASSWORD" LabelOrientation="Left" Required="True" DefaultValue="" Size="25" MaxLength="255" MinLength="0" TypePassword="True" Confirmation="True" PasswordStrengthIndicator="False" EnableCurrentPasswordValidation="TRUE" CurrentPasswordLabel="Current Password" ConfirmationLabel="Confirm Password" ConfirmationPlaceHolder="" ConfirmationHint="" CurrentPasswordHint="" CurrentPasswordPlaceHolder="" Calendar="False" /></Section><RowLevelSecurity Field="Patient_ID" AuthenticationField="patient_info_Patient_ID" /></UpdateRecordPage><Note /></Application><Application Type="WebApp" AppKey="ced8a000a422958fe119496ba262" Name="Prior Visits" HomePageName="Prior Visits" Version="29.2" AjaxEnabled="True" EnableSemanticMarkup="True" AllowParameters="Y" AllowCriteriaParameters="Y" UseAsyncDeployment="True" StyleTemplateId="1" LocalizationTemplateId="0"><StandaloneRecordsetPage DataSourceType="Table" DataSourceName="visit_info" Name="Prior Visits" RichHeader="False" RichFooter="False" DefaultOperator="AND" ReportHeader="" ReportFooter="" Display="Tabular" ApplyLabelsFormatting="True" ColumnSortingType="Column" RowsPerPage="25" HideNumberOfRecords="False" ColumnSorting="true" JumpToPage="True" BulkDelete="False" BulkUpdate="False" GridEdit="False" DisplayRowIndex="False" FreezeHeader="False" ApplyRandomSort="False" FreezeColumnsCount="0" DisplayColumns="1" TotalRows="" InlineAdd="false" SearchAgainLink="False"><DisplayField ColumnName="Date_of_visit" DataType="DATE/TIME" Unique="False" Label="Date of visit" Type="Plain Text" SortOrder="" SortDir="" DisplayOrder="1" Editable="False"><Format Type="Shortdate" /></DisplayField><DisplayField ColumnName="Reason_for_visit" DataType="TEXT" Unique="False" Label="Reason for visit" Type="Plain Text" SortOrder="" SortDir="" DisplayOrder="2" Editable="False"><Format Type="" /></DisplayField><DisplayField ColumnName="Doctor_ID" DataType="STRING" Unique="False" Label="Doctor ID" Type="Plain Text" SortOrder="" SortDir="" DisplayOrder="3" Editable="False"><Format Type="" /></DisplayField><RowLevelSecurity Field="Patient_ID" AuthenticationField="patient_info_Patient_ID" /></StandaloneRecordsetPage><Note /></Application><Application Type="WebApp" AppKey="ced8a000e33ccdb50ea24728bdb0" Name="View Messages" HomePageName="View Messages" Version="29.2" AjaxEnabled="True" EnableSemanticMarkup="True" AllowParameters="Y" AllowCriteriaParameters="Y" UseAsyncDeployment="True" StyleTemplateId="1" LocalizationTemplateId="0"><StandaloneRecordsetPage DataSourceType="Table" DataSourceName="message_info" Name="View Messages" RichHeader="False" RichFooter="False" DefaultOperator="AND" ReportHeader="" ReportFooter="" Display="Tabular" ApplyLabelsFormatting="True" ColumnSortingType="Column" RowsPerPage="25" HideNumberOfRecords="False" ColumnSorting="true" JumpToPage="True" BulkDelete="False" BulkUpdate="False" GridEdit="False" DisplayRowIndex="False" FreezeHeader="False" ApplyRandomSort="False" FreezeColumnsCount="0" DisplayColumns="1" TotalRows="" InlineAdd="false" SearchAgainLink="False"><CriteriaRoot><CriteriaGroup Type="AND"><CriteriaItem CriteriaId="1" /><CriteriaItem CriteriaId="2" /><CriteriaItem CriteriaId="3" /><CriteriaItem CriteriaId="4" /></CriteriaGroup></CriteriaRoot><DefaultCriteria ColumnName="Date_sent"><Match ComparisonType="=" Type="Value" Precision="Date" Value="" Operator="OR" CriteriaId="1" /></DefaultCriteria><DefaultCriteria ColumnName="Message"><Match ComparisonType="=" Type="Value" Value="" Operator="OR" CriteriaId="2" /></DefaultCriteria><DefaultCriteria ColumnName="Attachment"><Match ComparisonType="=" Type="Value" Value="" Operator="OR" CriteriaId="3" /></DefaultCriteria><DefaultCriteria ColumnName="Doctor_ID"><Match ComparisonType="=" Type="Value" Value="" Operator="OR" CriteriaId="4" /></DefaultCriteria><DisplayField ColumnName="Doctor_ID" DataType="STRING" Unique="False" Label="Doctor ID" Type="Plain Text" SortOrder="" SortDir="" DisplayOrder="1" Editable="False"><Format Type="" /></DisplayField><DisplayField ColumnName="Date_sent" DataType="DATE/TIME" Unique="False" Label="Date sent" Type="Plain Text" SortOrder="" SortDir="" DisplayOrder="2" Editable="False"><Format Type="Shortdate" /></DisplayField><DisplayField ColumnName="Message" DataType="TEXT" Unique="False" Label="Message" Type="Plain Text" SortOrder="" SortDir="" DisplayOrder="3" Editable="False"><Format Type="" /></DisplayField><DisplayField ColumnName="Attachment" DataType="FILE" Unique="False" Label="Attachment" Type="AutoFile" ShowFullPath="False" ShowAsLink="True" Width="" Height="" SortOrder="" SortDir="" DisplayOrder="4" Editable="False" /><RowLevelSecurity Field="Patient_ID" AuthenticationField="patient_info_Patient_ID" /></StandaloneRecordsetPage><Note /></Application><Application Type="WebPage" AppKey="ced8a000dd0c74a4d7d44f599343" Name="Patient Login" HomePageName="Patient Login" Version="29.2" AjaxEnabled="True" EnableSemanticMarkup="True" AllowParameters="Y" UseAsyncDeployment="True" StyleTemplateId="1" LocalizationTemplateId="0"><HTMLWebPage Name="Patient Login" RichHeader="False" RichFooter="False" RichBody="False">&lt;script&gt;
window.location="visits.html"
&lt;/script&gt;</HTMLWebPage><Note /></Application><Application Type="Chart" AppKey="ced8a000db0dc2fe70f243cf8acb" Name="Visits by Month" HomePageName="Visits by Month" Version="29.2" AjaxEnabled="True" EnableSemanticMarkup="True" AllowParameters="Y" AllowCriteriaParameters="Y" UseAsyncDeployment="True" StyleTemplateId="1" LocalizationTemplateId="0"><StandaloneRecordsetPage DataSourceType="Table" DataSourceName="visit_info" Name="Visits by Month" RichHeader="False" RichFooter="False" DefaultOperator="AND" ReportHeader="" ReportFooter="" Display="Tabular" ApplyLabelsFormatting="True" ColumnSortingType="Column" RowsPerPage="25" HideNumberOfRecords="False" ColumnSorting="True" JumpToPage="True" FreezeColumnsCount="0" DisplayColumns="1" TotalRows="" InlineAdd="False" SearchAgainLink="False"><Chart Version="4.2.6" Type="line" Enable3DView="False" Donut="False" Step="False" Zoom="False" Inverted="False" EnablePrint="False" RecordCount="1000" Width="" Height="" EnableXGrid="False" EnableYGrid="True" ChartRecordsLimit="1000" Stacking="" Title="Visits by Month" SubTitle="" XAxisTitle="" CategoryLabelRotation="Auto" ResultSetPosition="None" CombinedChart="False" SearchAgainLink="False" RelativeSearchFormURL="False"><Legend Enabled="False"><Format /></Legend><SeriesList><Field ColumnName="Date_of_visit" DataType="DATE/TIME" DateTimeGroupFunc="MONTH_ONLY" SortOrder="1" SortDir="ASC" GroupOrder="1" /><Format /><Series DisplayOrder="1" ValueAxisId="1"><Field ColumnName="Patient_ID" DataType="STRING" LegendLabel="Patient ID" Aggregate="COUNT" ReplaceNullValues="True" MarkerType="Square" SortOrder="" SortDir=""><Format /></Field></Series></SeriesList><ValueAxisList><Axis Id="1" Title="" Scale="False" Opposite="False" ShowTooltips="True" ShowDataLabels="False" LabelRotation="Auto" TooltipPattern=""><Format Type="none" /></Axis></ValueAxisList></Chart><DisplayField ColumnName="HTML Block 1" RichUI="True" Label="" Type="HTML Block" AllowJS="False" SortOrder="" SortDir="" Dummy="" DisplayOrder="1" /></StandaloneRecordsetPage><Note /></Application><Application Type="Chart" AppKey="ced8a0005ed3d3b5fa7d438088bb" Name="Patients by Month" HomePageName="Patients by Month" Version="29.2" AjaxEnabled="True" EnableSemanticMarkup="True" AllowParameters="Y" AllowCriteriaParameters="Y" UseAsyncDeployment="True" StyleTemplateId="1" LocalizationTemplateId="0"><StandaloneRecordsetPage DataSourceType="Table" DataSourceName="visit_info" Name="Patients by Month" RichHeader="False" RichFooter="False" DefaultOperator="AND" ReportHeader="" ReportFooter="" Display="Tabular" ApplyLabelsFormatting="True" ColumnSortingType="Column" RowsPerPage="25" HideNumberOfRecords="False" ColumnSorting="True" JumpToPage="True" FreezeColumnsCount="0" DisplayColumns="1" TotalRows="" InlineAdd="False" SearchAgainLink="False"><Chart Version="4.2.6" Type="bar" Enable3DView="False" Donut="False" Step="False" Zoom="False" Inverted="False" EnablePrint="False" RecordCount="1000" Width="" Height="" EnableXGrid="False" EnableYGrid="True" ChartRecordsLimit="10" Stacking="" Title="" SubTitle="" XAxisTitle="" CategoryLabelRotation="Auto" ResultSetPosition="None" CombinedChart="False" SearchAgainLink="False" RelativeSearchFormURL="False"><Legend Enabled="True"><Format /></Legend><SeriesList><Field ColumnName="Patient_ID" DataType="STRING" DateTimeGroupFunc="" SortOrder="" SortDir="" LabelLength="25" GroupOrder="1" /><Format /><Series DisplayOrder="1" ValueAxisId="1"><Field ColumnName="Patient_ID" DataType="STRING" LegendLabel="Patient ID" Aggregate="COUNT" ReplaceNullValues="True" SortOrder="1" SortDir="DESC"><Format /></Field></Series></SeriesList><ValueAxisList><Axis Id="1" Title="" Scale="False" Opposite="False" ShowTooltips="True" ShowDataLabels="False" LabelRotation="Auto" TooltipPattern=""><Format Type="none" /></Axis></ValueAxisList></Chart><DisplayField ColumnName="HTML Block 1" RichUI="True" Label="" Type="HTML Block" AllowJS="False" SortOrder="" SortDir="" Dummy="" DisplayOrder="1" /></StandaloneRecordsetPage><Note /></Application><Application Type="Chart" AppKey="ced8a0000af01b79b07a4fd48737" Name="Patients by Status" HomePageName="Patients by Status" Version="29.2" AjaxEnabled="True" EnableSemanticMarkup="True" AllowParameters="Y" AllowCriteriaParameters="Y" UseAsyncDeployment="True" StyleTemplateId="1" LocalizationTemplateId="0"><StandaloneRecordsetPage DataSourceType="Table" DataSourceName="patient_info" Name="Patients by Status" RichHeader="False" RichFooter="False" DefaultOperator="AND" ReportHeader="" ReportFooter="" Display="Tabular" ApplyLabelsFormatting="True" ColumnSortingType="Column" RowsPerPage="25" HideNumberOfRecords="False" ColumnSorting="True" JumpToPage="True" FreezeColumnsCount="0" DisplayColumns="1" TotalRows="" InlineAdd="False" SearchAgainLink="False"><Chart Version="4.2.6" Type="pie" Enable3DView="False" Donut="False" Step="False" EnablePercentageStacking="False" Inverted="False" EnablePrint="False" RecordCount="1000" Width="" Height="" EnableXGrid="False" EnableYGrid="True" ChartRecordsLimit="1000" Stacking="" Title="" SubTitle="" XAxisTitle="" CategoryLabelRotation="Auto" ResultSetPosition="None" CombinedChart="False" SearchAgainLink="False" RelativeSearchFormURL="False"><Legend Enabled="True"><Format /></Legend><SeriesList><Field ColumnName="Patient_Status" DataType="STRING" DateTimeGroupFunc="" SortOrder="1" SortDir="ASC" GroupOrder="1" /><Series DisplayOrder="1" ValueAxisId="1"><Field ColumnName="Name" DataType="STRING" LegendLabel="Name" Aggregate="COUNT" ReplaceNullValues="True" SortOrder="" SortDir=""><Format /></Field></Series></SeriesList><ValueAxisList><Axis Id="1" Title="" Scale="False" Opposite="False" ShowTooltips="False" ShowDataLabels="True" LabelRotation="Auto" TooltipPattern=""><Format Type="none" /></Axis></ValueAxisList></Chart><DisplayField ColumnName="HTML Block 1" RichUI="True" Label="" Type="HTML Block" AllowJS="False" SortOrder="" SortDir="" Dummy="" DisplayOrder="1" /></StandaloneRecordsetPage><Note /></Application><Application Type="Chart" AppKey="ced8a0008d59fd63d2414e10a4ea" Name="Messages by Patient" HomePageName="Messages by Patient" Version="29.2" AjaxEnabled="True" EnableSemanticMarkup="True" AllowParameters="Y" AllowCriteriaParameters="Y" UseAsyncDeployment="True" StyleTemplateId="1" LocalizationTemplateId="0"><StandaloneRecordsetPage DataSourceType="Table" DataSourceName="message_info" Name="Messages by Patient" RichHeader="False" RichFooter="False" DefaultOperator="AND" ReportHeader="" ReportFooter="" Display="Tabular" ApplyLabelsFormatting="True" ColumnSortingType="Column" RowsPerPage="25" HideNumberOfRecords="False" ColumnSorting="True" JumpToPage="True" FreezeColumnsCount="0" DisplayColumns="1" TotalRows="" InlineAdd="False" SearchAgainLink="False"><Chart Version="4.2.6" Type="pie" Enable3DView="False" Donut="False" Step="False" EnablePercentageStacking="False" Inverted="False" EnablePrint="False" RecordCount="1000" Width="" Height="" EnableXGrid="False" EnableYGrid="True" ChartRecordsLimit="1000" Stacking="" Title="" SubTitle="" XAxisTitle="" CategoryLabelRotation="Auto" ResultSetPosition="None" CombinedChart="False" SearchAgainLink="False" RelativeSearchFormURL="False"><Legend Enabled="True"><Format /></Legend><SeriesList><Field ColumnName="Patient_ID" DataType="STRING" DateTimeGroupFunc="" SortOrder="1" SortDir="ASC" GroupOrder="1" /><Series DisplayOrder="1" ValueAxisId="1"><Field ColumnName="Patient_ID" DataType="STRING" LegendLabel="Patient ID" Aggregate="COUNT" ReplaceNullValues="True" SortOrder="" SortDir=""><Format /></Field></Series></SeriesList><ValueAxisList><Axis Id="1" Title="" Scale="False" Opposite="False" ShowTooltips="False" ShowDataLabels="True" LabelRotation="Auto" TooltipPattern=""><Format Type="none" /></Axis></ValueAxisList></Chart><DisplayField ColumnName="HTML Block 1" RichUI="True" Label="" Type="HTML Block" AllowJS="False" SortOrder="" SortDir="" Dummy="" DisplayOrder="1" /></StandaloneRecordsetPage><Note /></Application><Application Type="WebForm" AppKey="ced8a000408392b8c76848229b45" Name="Update Profile" HomePageName="Update Profile" Version="29.2" AjaxEnabled="True" EnableSemanticMarkup="True" AllowParameters="Y" UseAsyncDeployment="True" StyleTemplateId="1" LocalizationTemplateId="0"><UpdateRecordPage DataSourceType="Table" DataSourceName="doctor_info" Name="Update Profile" RichHeader="False" RichFooter="False" TargetType="HTMLPage" Message="Data was updated successfully." RichMessage="True"><Section ColumnCount="1" FieldAlignment="LeftToRight" Type="MultiColumn" DisplayOrder="1"><Field ColumnName="Name" Label="Name" Type="Static" Unique="False" DisplayOrder="1" Editable="False" DataType="STRING" LabelOrientation="Left" Required="False" DefaultValue="" DisplayType="Plain Text"><Format Type="" /></Field><Field ColumnName="Email" Label="Email" Type="Text Field" Unique="True" DisplayOrder="2" Editable="True" DataType="STRING" LabelOrientation="Left" Required="True" DefaultValue="" Size="25" MaxLength="255" MinLength="0" TypePassword="false" Confirmation="true" ConfirmationLabel="Confirm Email" ConfirmationPlaceHolder="" ConfirmationHint="" CurrentPasswordHint="" CurrentPasswordPlaceHolder="" Calendar="False" /><Field ColumnName="Password" Label="Password" Type="Text Field" Unique="False" DisplayOrder="3" Editable="True" DataType="PASSWORD" LabelOrientation="Left" Required="True" DefaultValue="" Size="25" MaxLength="255" MinLength="0" TypePassword="True" Confirmation="True" PasswordStrengthIndicator="False" EnableCurrentPasswordValidation="TRUE" CurrentPasswordLabel="Current Password" ConfirmationLabel="Confirm Password" ConfirmationPlaceHolder="" ConfirmationHint="" CurrentPasswordHint="" CurrentPasswordPlaceHolder="" Calendar="False" /></Section><RowLevelSecurity Field="Doctor_ID" AuthenticationField="doctor_info_Doctor_ID" /></UpdateRecordPage><Note /></Application><Application Type="WebApp" AppKey="ced8a000406482a076e94e0dbd84" Name="View Manage Patient" HomePageName="View Manage Patient" Version="29.2" AjaxEnabled="True" EnableSemanticMarkup="True" AllowParameters="Y" AllowCriteriaParameters="Y" UseAsyncDeployment="True" EditAdvanced="true" StyleTemplateId="1" LocalizationTemplateId="0"><SearchPage DataSourceType="Table" DataSourceName="patient_info" Name="View Manage Patient" RichHeader="False" RichFooter="False" AutoFocusInFirstField="False" GlobalOperator="AND" DisplayReport="AfterSubmission"><CriteriaRoot><CriteriaGroup Type="AND"><CriteriaItem CriteriaId="1" /><CriteriaItem CriteriaId="2" /><CriteriaItem CriteriaId="3" /><CriteriaItem CriteriaId="4" /></CriteriaGroup></CriteriaRoot><Section ColumnCount="1" FieldAlignment="LeftToRight" Type="MultiColumn" DisplayOrder="1"><Field ColumnName="Name" DataType="STRING" DisplayOrder="1"><FieldMatch Label="Name" Type="Text Field" Unique="False" DisplayOrder="1" Editable="True" LabelOrientation="Left" Required="False" ComparisonType="LIKE" MatchNull="N" Operator="OR" EnableWildcards="False" CriteriaId="1" DefaultValue="" Size="25" MaxLength="255" MinLength="0" Calendar="False" /></Field><Field ColumnName="Email" DataType="STRING" DisplayOrder="2"><FieldMatch Label="Email" Type="Text Field" Unique="False" DisplayOrder="1" Editable="True" LabelOrientation="Left" Required="False" ComparisonType="LIKE" MatchNull="N" Operator="OR" EnableWildcards="False" CriteriaId="2" DefaultValue="" Size="25" MaxLength="255" MinLength="0" Calendar="False" /></Field><Field ColumnName="Patient_Status" DataType="STRING" DisplayOrder="3"><FieldMatch Label="Patient Status" Type="Dropdown" Unique="False" DisplayOrder="1" Editable="True" LabelOrientation="Left" Required="False" ComparisonType="=" MatchNull="N" Operator="OR" EnableWildcards="False" CriteriaId="3"><Option Value="" DisplayText="Search Any" IsSelected="false" DisplayOrder="" /><LookUp DataSourceName="status_lookup" DataSourceType="Table" Value="Patient_status" DisplayText="Patient_status" Distinct="true" OrderBy="ASC" SortBy="text" DisplayOrder="Bottom" /></FieldMatch></Field><Field ColumnName="Account_Status" DataType="YES/NO" DisplayOrder="4"><FieldMatch Label="Account Status" Type="Radio Buttons" Unique="False" DisplayOrder="1" Editable="True" LabelOrientation="Left" Required="False" ComparisonType="=" MatchNull="Y" Operator="OR" CriteriaId="4" LineBreak="False"><Option Value="Y" DisplayText="Yes" IsSelected="False" DisplayOrder="1" /><Option Value="N" DisplayText="No" IsSelected="False" DisplayOrder="2" /><Option Value="A" DisplayText="Any" IsSelected="True" DisplayOrder="3" /></FieldMatch></Field></Section><SearchRecordsetPage RichHeader="False" RichFooter="False" Display="Tabular" ApplyLabelsFormatting="True" ColumnSortingType="Column" RowsPerPage="25" HideNumberOfRecords="False" ColumnSorting="true" JumpToPage="True" BulkDelete="False" BulkUpdate="False" GridEdit="False" DisplayRowIndex="False" FreezeHeader="False" ApplyRandomSort="False" FreezeColumnsCount="0" DisplayColumns="1" TotalRows="" InlineAdd="false" SearchAgainLink="True"><DisplayField ColumnName="Name" DataType="STRING" Unique="False" Label="Name" Type="Plain Text" SortOrder="" SortDir="" DisplayOrder="1" Editable="False"><Format Type="" /></DisplayField><DisplayField ColumnName="Phone" DataType="STRING" Unique="False" Label="Phone" Type="Plain Text" SortOrder="" SortDir="" DisplayOrder="2" Editable="False"><Format Type="" /></DisplayField><DisplayField ColumnName="Insurance_carrier" DataType="STRING" Unique="False" Label="Insurance carrier" Type="Plain Text" SortOrder="" SortDir="" DisplayOrder="3" Editable="False"><Format Type="" /></DisplayField><DisplayField ColumnName="Email" DataType="STRING" Unique="True" Label="Email" Type="Plain Text" SortOrder="" SortDir="" DisplayOrder="4" Editable="False"><Format Type="" /></DisplayField><DisplayField ColumnName="Patient_Status" DataType="STRING" Unique="False" Label="Patient Status" Type="Plain Text" SortOrder="" SortDir="" DisplayOrder="5" Editable="False"><Format Type="" /></DisplayField><DisplayField ColumnName="Account_Status" DataType="YES/NO" Unique="False" Label="Account Status" Type="Plain Text" SortOrder="" SortDir="" DisplayOrder="6" Editable="False"><Format Type="Boolean" /></DisplayField><DisplayField ColumnName="HTML Block 1" RichUI="true" Label="&lt;a href=&quot;[@app:URL_1]_details.html?pid=[@field:Patient_ID]&quot;&gt;Details&lt;/a&gt;" Type="HTML Block" AllowJS="False" SortOrder="" SortDir="" DisplayOrder="7" Editable="False" /></SearchRecordsetPage></SearchPage><Note /></Application><Application Type="WebApp" AppKey="ced8a000d2262392654841d38248" Name="Patient Details" HomePageName="Patient Details" Version="29.2" AjaxEnabled="True" EnableSemanticMarkup="True" AllowParameters="Y" AllowCriteriaParameters="Y" FastDetails="Y" UseAsyncDeployment="True" EditAdvanced="true" StyleTemplateId="1" LocalizationTemplateId="0"><StandaloneRecordsetPage DataSourceType="Table" DataSourceName="patient_info" Name="Patient Details" RichHeader="False" RichFooter="False" DefaultOperator="AND" ReportHeader="" ReportFooter="" Display="Tabular" ApplyLabelsFormatting="True" ColumnSortingType="Column" RowsPerPage="" HideNumberOfRecords="False" ColumnSorting="True" JumpToPage="True" BulkDelete="False" FreezeColumnsCount="0" DisplayColumns="1" TotalRows="" InlineAdd="False" SearchAgainLink="False"><CriteriaRoot><CriteriaGroup Type="AND"><CriteriaItem CriteriaId="1" /></CriteriaGroup></CriteriaRoot><DefaultCriteria ColumnName="Patient_ID"><Match ComparisonType="=" Type="Value" Value="[@pid]" Operator="OR" MatchNull="Required" CriteriaId="1" /></DefaultCriteria><DisplayField ColumnName="HTML Block 1" RichUI="False" Label=" " Type="HTML Block" AllowJS="False" SortOrder="" SortDir="" Dummy="" DisplayOrder="1" /><RecordDetailsPage PageHeader="&lt;a href=&quot;[@app:URL_2]_details.html?pid=[@field:Patient_ID]&quot;&gt;Edit Details&lt;/a&gt;" RichHeader="True" RichFooter="True" TargetType="HTMLPage" Message="Your record was successfully updated." DeleteTargetType="HTMLPage" DeleteMessage="Your record was successfully deleted." JumpToPage="True" ApplyLabelsFormatting="True" RichMessage="False" RichDeleteMessage="False"><Section ColumnCount="4" FieldAlignment="LeftToRight" Type="MultiColumn" DisplayOrder="1"><Field ColumnName="Patient_ID" Label="Patient ID" Type="Static" Unique="True" DisplayOrder="1" Editable="False" DataType="RANDOM_ID" LabelOrientation="Top" Required="False" DefaultValue="" DisplayType="Plain Text"><Format Type="" /></Field><Field ColumnName="Name" Label="Name" Type="Static" Unique="False" DisplayOrder="2" Editable="False" DataType="STRING" LabelOrientation="Top" Required="False" DefaultValue="" DisplayType="Plain Text"><Format Type="" /></Field><Field ColumnName="Phone" Label="Phone" Type="Static" Unique="False" DisplayOrder="3" Editable="False" DataType="STRING" LabelOrientation="Top" Required="False" DefaultValue="" DisplayType="Plain Text"><Format Type="" /></Field><Field ColumnName="Age" Label="Age" Type="Static" Unique="False" DisplayOrder="4" Editable="False" DataType="STRING" LabelOrientation="Top" Required="False" DefaultValue="" DisplayType="Plain Text"><Format Type="" /></Field><Field ColumnName="Gender" Label="Gender" Type="Static" Unique="False" DisplayOrder="5" Editable="False" DataType="STRING" LabelOrientation="Top" Required="False" DefaultValue="" DisplayType="Plain Text"><Format Type="" /></Field><Field ColumnName="Insurance_carrier" Label="Insurance carrier" Type="Static" Unique="False" DisplayOrder="6" Editable="False" DataType="STRING" LabelOrientation="Top" Required="False" DefaultValue="" DisplayType="Plain Text"><Format Type="" /></Field><Field ColumnName="Family_Medical_History" Label="Family Medical History" Type="Static" Unique="False" DisplayOrder="7" Editable="False" DataType="LIST-STRING" LabelOrientation="Top" Required="False" DefaultValue="" DisplayType="Plain Text"><Format Type="" /></Field><Field ColumnName="Habitual_consumption" Label="Habitual consumption" Type="Static" Unique="False" DisplayOrder="8" Editable="False" DataType="LIST-STRING" LabelOrientation="Top" Required="False" DefaultValue="" DisplayType="Plain Text"><Format Type="" /></Field><Field ColumnName="How_often_do_you_exercise" Label="How often do you exercise" Type="Static" Unique="False" DisplayOrder="9" Editable="False" DataType="TEXT" LabelOrientation="Top" Required="False" DefaultValue="" DisplayType="Plain Text"><Format Type="" /></Field><Field ColumnName="Medication_taken" Label="Medication taken" Type="Static" Unique="False" DisplayOrder="10" Editable="False" DataType="TEXT" LabelOrientation="Top" Required="False" DefaultValue="" DisplayType="Plain Text"><Format Type="" /></Field><Field ColumnName="Email" Label="Email" Type="Static" Unique="True" DisplayOrder="11" Editable="False" DataType="STRING" LabelOrientation="Top" Required="False" DefaultValue="" DisplayType="Plain Text"><Format Type="" /></Field><Field ColumnName="Password" Label="Password" Type="Text Field" Unique="False" DisplayOrder="12" Editable="True" DataType="PASSWORD" LabelOrientation="Top" Required="True" DefaultValue="" MaxLength="255" MinLength="" TypePassword="True" Confirmation="True" EnableCurrentPasswordValidation="True" CurrentPasswordLabel="Current Password" ConfirmationLabel="Confirm Password" ConfirmationPlaceHolder="" ConfirmationHint="" CurrentPasswordHint="" CurrentPasswordPlaceHolder="" Calendar="False" /><Field ColumnName="Patient_Status" Label="Patient Status" Type="Static" Unique="False" DisplayOrder="13" Editable="False" DataType="STRING" LabelOrientation="Top" Required="False" DefaultValue="" DisplayType="Plain Text"><Format Type="" /></Field><Field ColumnName="Account_Status" Label="Account Status" Type="Static" Unique="False" DisplayOrder="14" Editable="False" DataType="YES/NO" LabelOrientation="Top" Required="False" DefaultValue="" DisplayType="Plain Text" CheckedByDefault="False"><Format Type="Boolean" /></Field><Field ColumnName="Date_registered" Label="Date registered" Type="Static" Unique="False" DisplayOrder="15" Editable="False" DataType="DATE/TIME" LabelOrientation="Top" Required="False" DefaultValue="" DisplayType="Plain Text"><Format Type="Shortdate" /></Field></Section></RecordDetailsPage></StandaloneRecordsetPage><Note /></Application></xml>