﻿<?xml version="1.0" encoding="utf-8" ?><xml><Localization TplId="4" Name="English (UK)"><DefaultTimezone>UTC</DefaultTimezone><Format Type="Number" GroupSeparator="," NegativeSign="-" NegativePattern="2" DecimalSeparator="." DecimalDigits="2" Culture="en-US" /><Format Type="Currency" GroupSeparator="," NegativeSign="-" NegativePattern="0" DecimalSeparator="." DecimalDigits="2" PositivePattern="0" CurrencySymbol="$" /><Format Type="Percent" GroupSeparator="," NegativeSign="-" NegativePattern="1" DecimalSeparator="." DecimalDigits="2" PositivePattern="1" PercentSymbol="%" /><Format Type="Datetime" ShortFormat="M/d/yyyy" LongFormat="dddd, MMMM dd, yyyy" TimeFormat="h:mm:ss tt" Culture="en-US" DateSeparator="/" TimeSeparator=":" AM="AM" PM="PM" /><Format Type="Boolean" YesValue="Yes" NoValue="No" YesColor="" NoColor="" YesType="TEXT" NoType="TEXT" /><UserDefined /><Note /></Localization></xml>