<?xml version="1.0" encoding="utf-8"?><xml><Table><Name>patient_info</Name><Note /><Lists><List ColumnName="Family_Medical_History" ListDataType="LIST-STRING"><ListRow Id="1" Value="Choice 1" DisplayOrder="0" /><ListRow Id="2" Value="Choice 2" DisplayOrder="1" /><ListRow Id="3" Value="Choice 3" DisplayOrder="2" /></List><List ColumnName="Habitual_consumption" ListDataType="LIST-STRING"><ListRow Id="1" Value="Choice 1" DisplayOrder="0" /><ListRow Id="2" Value="Choice 2" DisplayOrder="1" /><ListRow Id="3" Value="Choice 3" DisplayOrder="2" /></List></Lists><Row><Patient_ID DataType="RANDOM_ID" Unique="True" Description="" DisplayOrder="1" Label="" Format="0U" Prefix="" Length="8">1IBS2ZEE</Patient_ID><Name DataType="STRING" Unique="False" Description="" DisplayOrder="2" Label="">Ezekiel Lavapiez</Name><Phone DataType="STRING" Unique="False" Description="" DisplayOrder="3" Label="">0965645</Phone><Age DataType="STRING" Unique="False" Description="" DisplayOrder="4" Label="">20</Age><Gender DataType="STRING" Unique="False" Description="" DisplayOrder="5" Label="">Male</Gender><Insurance_carrier DataType="STRING" Unique="False" Description="" DisplayOrder="6" Label="">NOne</Insurance_carrier><Family_Medical_History DataType="LIST-STRING" Unique="False" Description="" DisplayOrder="7" Label="">1</Family_Medical_History><Habitual_consumption DataType="LIST-STRING" Unique="False" Description="" DisplayOrder="8" Label="">2</Habitual_consumption><How_often_do_you_exercise DataType="TEXT" Unique="False" Description="" DisplayOrder="9" Label="">Minsan</How_often_do_you_exercise><Medication_taken DataType="TEXT" Unique="False" Description="" DisplayOrder="10" Label="">MInsan</Medication_taken><Email DataType="STRING" Unique="True" Description="" DisplayOrder="11" Label="">kiel@gmail.com</Email><Password DataType="PASSWORD" Unique="False" Description="" DisplayOrder="12" Label="">0x7B22616C676F726974686D223A226362416C6732222C2268617368223A22243261243130246178504E54307575523154467570494471656E58337549395A66734933376F394D4A566A706534505A317A6E707368757652797153227D</Password><Patient_Status DataType="STRING" Unique="False" Description="" DisplayOrder="13" Label="">New</Patient_Status><Account_Status DataType="YES/NO" Unique="False" Description="" DisplayOrder="14" Label="">True</Account_Status><Date_registered DataType="DATE/TIME" Unique="False" Description="" DisplayOrder="15" Label="">11/17/2021</Date_registered></Row><Row><Patient_ID>8311VTJK</Patient_ID><Name>Jade</Name><Phone>0945454</Phone><Age>21</Age><Gender>Female</Gender><Insurance_carrier>NA</Insurance_carrier><Family_Medical_History>1</Family_Medical_History><Habitual_consumption>2</Habitual_consumption><How_often_do_you_exercise>MInsan</How_often_do_you_exercise><Medication_taken>Minsan</Medication_taken><Email>jade@gmail.com</Email><Password>0x7B22616C676F726974686D223A226362416C6732222C2268617368223A2224326124313024385A454F30417734556F43474E75344B326B73435075495446416C6D56317170344A5057507A33657365662E587759687361737761227D</Password><Patient_Status>New</Patient_Status><Account_Status>True</Account_Status><Date_registered>11/18/2021 7:57:55 AM</Date_registered></Row></Table><Table><Name>doctor_info</Name><Note /><Row><Doctor_ID DataType="RANDOM_ID" Unique="True" Description="" DisplayOrder="1" Label="" Format="0U" Prefix="" Length="8">FPL06J3P</Doctor_ID><Name DataType="STRING" Unique="False" Description="" DisplayOrder="2" Label="">Rastaman</Name><Email DataType="STRING" Unique="True" Description="" DisplayOrder="3" Label="">Rasta@doctor.com</Email><Password DataType="PASSWORD" Unique="False" Description="" DisplayOrder="4" Label="">0x7B22616C676F726974686D223A226362416C6732222C2268617368223A222432612431302432434349676E6D6E2F64574D7A3937445231392F6F652F357A3043307349703358344C78304470627570654D64452F536743576E32227D</Password><Account_status DataType="YES/NO" Unique="False" Description="" DisplayOrder="5" Label="">True</Account_status></Row></Table><Table><Name>visit_info</Name><Note /><Row NoData="True"><Visit_ID DataType="RANDOM_ID" Unique="True" Description="" DisplayOrder="1" Label="" Format="0U" Prefix="" Length="8" /><Doctor_ID DataType="STRING" Unique="False" Description="" DisplayOrder="2" Label="" /><Patient_ID DataType="STRING" Unique="False" Description="" DisplayOrder="3" Label="" /><Date_of_visit DataType="DATE/TIME" Unique="False" Description="" DisplayOrder="4" Label="" /><Reason_for_visit DataType="TEXT" Unique="False" Description="" DisplayOrder="5" Label="" /><Doctor_notes DataType="TEXT" Unique="False" Description="" DisplayOrder="8" Label="" /></Row></Table><Table><Name>message_info</Name><Note /><Row NoData="True"><Message_ID DataType="RANDOM_ID" Unique="True" Description="" DisplayOrder="1" Label="" Format="0U" Prefix="" Length="8" /><Doctor_ID DataType="STRING" Unique="False" Description="" DisplayOrder="2" Label="" /><Patient_ID DataType="STRING" Unique="False" Description="" DisplayOrder="3" Label="" /><Date_sent DataType="DATE/TIME" Unique="False" Description="" DisplayOrder="4" Label="" /><Message DataType="TEXT" Unique="False" Description="" DisplayOrder="5" Label="" /><Attachment DataType="FILE" Unique="False" Description="" DisplayOrder="6" Label="" /></Row></Table><Table><Name>status_lookup</Name><Note /><Row><Status_ID DataType="AUTONUMBER" Unique="True" Description="" DisplayOrder="1" Label="">1</Status_ID><Patient_status DataType="STRING" Unique="False" Description="" DisplayOrder="2" Label="">New</Patient_status></Row><Row><Status_ID>2</Status_ID><Patient_status>Pending</Patient_status></Row><Row><Status_ID>3</Status_ID><Patient_status>Enrolled</Patient_status></Row><Row><Status_ID>4</Status_ID><Patient_status>Rejected</Patient_status></Row></Table><Relationship ParentTableName="doctor_info" ParentColumnName="Doctor_ID" ParentLookupColumnName="" ChildTableName="message_info" ChildColumnName="Doctor_ID" JoinType="I" RelationType="OM" ReferentialIntegrity="False" ParentLookupColumnForDP="False" /><Relationship ParentTableName="doctor_info" ParentColumnName="Doctor_ID" ParentLookupColumnName="" ChildTableName="visit_info" ChildColumnName="Doctor_ID" JoinType="I" RelationType="OM" ReferentialIntegrity="False" ParentLookupColumnForDP="False" /><Relationship ParentTableName="patient_info" ParentColumnName="Patient_ID" ParentLookupColumnName="" ChildTableName="message_info" ChildColumnName="Patient_ID" JoinType="I" RelationType="OM" ReferentialIntegrity="False" ParentLookupColumnForDP="False" /><Relationship ParentTableName="patient_info" ParentColumnName="Patient_ID" ParentLookupColumnName="" ChildTableName="visit_info" ChildColumnName="Patient_ID" JoinType="I" RelationType="OM" ReferentialIntegrity="False" ParentLookupColumnForDP="False" /></xml>