﻿<?xml version="1.0" encoding="utf-8" ?><xml><View Name="filter_active_doctor"><Table Name="doctor_info" Alias="doctor_info"><Field Name="Doctor_ID" Alias="doctor_info_Doctor_ID" DisplayOrder="1" /><Field Name="Name" Alias="doctor_info_Name" DisplayOrder="2" /><Field Name="Email" Alias="doctor_info_Email" DisplayOrder="3" /><Field Name="Password" Alias="doctor_info_Password" DisplayOrder="4" /><Field Name="Account_status" Alias="doctor_info_Account_status" DisplayOrder="5" /></Table><Condition Table="doctor_info" TableAlias="doctor_info" Field="Account_status" DataType="YES/NO" IsFormula="False"><Match ComparisonType="=" Value="1" CriteriaId="1" /></Condition><CriteriaRoot><CriteriaGroup Type="AND" TmpUIId="1"><CriteriaItem x="68" y="22" TmpUIId="2" CriteriaId="1" /></CriteriaGroup></CriteriaRoot></View><View Name="filter_active_patient"><Table Name="patient_info" Alias="patient_info"><Field Name="Patient_ID" Alias="patient_info_Patient_ID" DisplayOrder="1" /><Field Name="Name" Alias="patient_info_Name" DisplayOrder="2" /><Field Name="Phone" Alias="patient_info_Phone" DisplayOrder="3" /><Field Name="Age" Alias="patient_info_Age" DisplayOrder="4" /><Field Name="Gender" Alias="patient_info_Gender" DisplayOrder="5" /><Field Name="Insurance_carrier" Alias="patient_info_Insurance_carrier" DisplayOrder="6" /><Field Name="Family_Medical_History" Alias="patient_info_Family_Medical_History" DisplayOrder="7" /><Field Name="Habitual_consumption" Alias="patient_info_Habitual_consumption" DisplayOrder="8" /><Field Name="How_often_do_you_exercise" Alias="patient_info_How_often_do_you_exercise" DisplayOrder="9" /><Field Name="Medication_taken" Alias="patient_info_Medication_taken" DisplayOrder="10" /><Field Name="Email" Alias="patient_info_Email" DisplayOrder="11" /><Field Name="Password" Alias="patient_info_Password" DisplayOrder="12" /><Field Name="Patient_Status" Alias="patient_info_Patient_Status" DisplayOrder="13" /><Field Name="Account_Status" Alias="patient_info_Account_Status" DisplayOrder="14" /><Field Name="Date_registered" Alias="patient_info_Date_registered" DisplayOrder="15" /></Table><Condition Table="patient_info" TableAlias="patient_info" Field="Account_Status" DataType="YES/NO" IsFormula="False"><Match ComparisonType="=" Value="1" CriteriaId="1" /></Condition><CriteriaRoot><CriteriaGroup Type="AND" TmpUIId="1"><CriteriaItem x="69" y="20" TmpUIId="2" CriteriaId="1" /></CriteriaGroup></CriteriaRoot></View></xml>